{
  "benchmark_id": "BP_T4_Local_Validity_Pair",
  "branch": "nonlinear",
  "theorem_tier": "T4",
  "parameter_id": "matched_local",
  "seed": 0,
  "parameters": {
    "times": [
      0.0,
      0.2,
      0.4,
      0.6000000000000001,
      0.8,
      1.0,
      1.2000000000000002,
      1.4000000000000001,
      1.6,
      1.8,
      2.0,
      2.2,
      2.4000000000000004,
      2.6,
      2.8000000000000003,
      3.0,
      3.2,
      3.4000000000000004,
      3.6,
      3.8000000000000003,
      4.0,
      4.2,
      4.4,
      4.6000000000000005,
      4.800000000000001,
      5.0,
      5.2,
      5.4,
      5.6000000000000005,
      5.800000000000001,
      6.0,
      6.2,
      6.4,
      6.6000000000000005,
      6.800000000000001,
      7.0,
      7.2,
      7.4,
      7.6000000000000005,
      7.800000000000001,
      8.0,
      8.200000000000001,
      8.4,
      8.6,
      8.8,
      9.0,
      9.200000000000001,
      9.4,
      9.600000000000001,
      9.8,
      10.0,
      10.200000000000001,
      10.4,
      10.600000000000001,
      10.8,
      11.0,
      11.200000000000001,
      11.4,
      11.600000000000001,
      11.8,
      12.0
    ],
    "eta": 0.32,
    "slow_dim": 2,
    "block_sizes": [
      1,
      1
    ],
    "epsilon_values": [
      0.04,
      0.08,
      0.12
    ],
    "parameter_id": "matched_local",
    "paired_parameter_id": "amplitude_breakdown",
    "epsilon": 0.08,
    "coupling": 0.07,
    "initial_state": [
      1.0,
      -0.6,
      0.3
    ],
    "paired_epsilon": 0.04,
    "paired_coupling": 0.04,
    "paired_initial_state": [
      1.6,
      -0.96,
      0.5
    ]
  },
  "metadata": {
    "code_hash": null,
    "solver": "scipy/numpy reference routines",
    "runtime_seconds": 0.07398620000094525,
    "source_of_truth": {
      "embedded_zip_found": false,
      "reconciliation_note": "No embedded zip archive was found; the live scaffold was reconciled in place."
    }
  },
  "observables": {
    "spectral_gap": 2.4379816741487907,
    "singular_gap": null,
    "projector_deformation": 0.02018559199148565,
    "coherent_projector_deformation": null,
    "block_residual_norm": 0.07,
    "leakage_trajectory": [
      0.33315026527928043,
      0.28379003420034843,
      0.24919528069113525,
      0.223482014860181,
      0.20316340277664532,
      0.18620861515841006,
      0.171469183762456,
      0.1583336121189178,
      0.14651561942045682,
      0.1359205893180952,
      0.12655829631350965,
      0.11848423011212511,
      0.11175955240975248,
      0.10642431775878107,
      0.10248101858139244,
      0.09988667207194916,
      0.09855203522649826,
      0.09834648741871209,
      0.09910693616391468,
      0.10064898660335034,
      0.10277867960477519,
      0.10530334586858689,
      0.10804063509252408,
      0.11082519842932662,
      0.11351284383545945,
      0.115982429761205,
      0.11813611962618793,
      0.11989809229185384,
      0.1212126626388512,
      0.12204179245584912,
      0.12236266660747244,
      0.12216516858376203,
      0.12144984524145751,
      0.12022587530685402,
      0.11850956360689902,
      0.11632308034865584,
      0.11369334443461394,
      0.11065124889360077,
      0.10723106179969454,
      0.10346991273093477,
      0.09940734676295046,
      0.09508503859440263,
      0.09054653598681282,
      0.08583700933432481,
      0.08100296869388836,
      0.076092019112704,
      0.0711526398005281,
      0.06623389428318444,
      0.06138506395097147,
      0.056655178273714864,
      0.052092556503943434,
      0.04774418413281579,
      0.04365492054387399,
      0.039866482337955166,
      0.03641630777009912,
      0.03333631159987032,
      0.030651500115530257,
      0.0283785947614431,
      0.02652479244272859,
      0.025086879558955322,
      0.024050867577509828
    ],
    "autonomy_horizon": 12.0,
    "cross_subsystem_transfer_rate": 0.07,
    "reduced_model_forecast_error": 0.08480657306478262,
    "transient_amplification_score": 1.0,
    "ensemble_averaged_leakage": null,
    "leakage_variance": null,
    "affine_law_regression_coefficients": {
      "L1": {
        "epsilon_s": 9.819048016765413,
        "rho_tau": -0.2084137997138958
      },
      "L2": {
        "epsilon_s": 10.83679201998514,
        "rho_tau": -0.3592809666732502,
        "rho_tau_sq": 0.17812071038043717
      },
      "L3": {
        "epsilon_s": 10.836792019985142,
        "gamma_rho_tau": -0.6363152446744778,
        "gamma_rho_tau_sq": 0.5587154147463819
      }
    },
    "transportability_metrics": {
      "curvature_indicator": 0.5646273127670359,
      "projector_tracking": {
        "adjacent_mean_deformation": 0.02018559199148565,
        "adjacent_max_deformation": 0.040006089069391154,
        "adjacent_deformation_trajectory": [
          0.035672260568438,
          0.03658067252515413,
          0.037488774589659025,
          0.03832521328016432,
          0.0390340997496613,
          0.039571467308120896,
          0.039903544659423584,
          0.040006089069391154,
          0.03986419736420127,
          0.039472184168611785,
          0.03883324121900263,
          0.03795873959621826,
          0.036867148669865596,
          0.03558263971432636,
          0.03413350405779815,
          0.032550538619923165,
          0.030865544147124238,
          0.029110050452905382,
          0.027314338922638657,
          0.02550679015379423,
          0.02371354590208534,
          0.021958447216271645,
          0.020263193107632763,
          0.018647651509876795,
          0.01713023984654205,
          0.015728271434419534,
          0.01445813972550696,
          0.013335164477947916,
          0.01237291938966382,
          0.01158191343353071,
          0.010967718129434648,
          0.010528996696791755,
          0.010256235612976438,
          0.010131938948687306,
          0.010132470517218798,
          0.010230946051944287,
          0.010400191071310226,
          0.01061499106965553,
          0.010853368319392556,
          0.011097024036823883,
          0.011331239419050296,
          0.01154450427337471,
          0.011728056587570418,
          0.011875432403542482,
          0.011982069831242694,
          0.012044977191261061,
          0.012062460799780617,
          0.012033903126103633,
          0.011959581169587714,
          0.01184051597781598,
          0.011678344691276033,
          0.011475210592292548,
          0.01123366703801715,
          0.010956593300898565,
          0.010647120034287952,
          0.010308563109463372,
          0.009944365908723538,
          0.009558049495034377,
          0.009153170775318532,
          0.00873328843036207
        ],
        "anchor_mean_deformation": 0.571518966609364,
        "anchor_max_deformation": 0.7402986940828706,