{
  "benchmark_id": "BP_T4_Local_Validity_Pair",
  "branch": "nonlinear",
  "theorem_tier": "T4",
  "parameter_id": "reference",
  "seed": 0,
  "parameters": {
    "times": [
      0.0,
      0.2,
      0.4,
      0.6000000000000001,
      0.8,
      1.0,
      1.2000000000000002,
      1.4000000000000001,
      1.6,
      1.8,
      2.0,
      2.2,
      2.4000000000000004,
      2.6,
      2.8000000000000003,
      3.0,
      3.2,
      3.4000000000000004,
      3.6,
      3.8000000000000003,
      4.0,
      4.2,
      4.4,
      4.6000000000000005,
      4.800000000000001,
      5.0,
      5.2,
      5.4,
      5.6000000000000005,
      5.800000000000001,
      6.0,
      6.2,
      6.4,
      6.6000000000000005,
      6.800000000000001,
      7.0,
      7.2,
      7.4,
      7.6000000000000005,
      7.800000000000001,
      8.0,
      8.200000000000001,
      8.4,
      8.6,
      8.8,
      9.0,
      9.200000000000001,
      9.4,
      9.600000000000001,
      9.8,
      10.0,
      10.200000000000001,
      10.4,
      10.600000000000001,
      10.8,
      11.0,
      11.200000000000001,
      11.4,
      11.600000000000001,
      11.8,
      12.0
    ],
    "eta": 0.32,
    "slow_dim": 2,
    "block_sizes": [
      1,
      1
    ],
    "epsilon_values": [
      0.04,
      0.08,
      0.12
    ],
    "parameter_id": "amplitude_breakdown",
    "paired_parameter_id": "matched_local",
    "epsilon": 0.04,
    "coupling": 0.04,
    "initial_state": [
      1.6,
      -0.96,
      0.5
    ],
    "paired_epsilon": 0.08,
    "paired_coupling": 0.07,
    "paired_initial_state": [
      1.0,
      -0.6,
      0.3
    ]
  },
  "metadata": {
    "code_hash": null,
    "solver": "scipy/numpy reference routines",
    "runtime_seconds": 0.07141469999987748,
    "source_of_truth": {
      "embedded_zip_found": false,
      "reconciliation_note": "No embedded zip archive was found; the live scaffold was reconciled in place."
    }
  },
  "observables": {
    "spectral_gap": 2.4676148923024095,
    "singular_gap": null,
    "projector_deformation": 0.03206814206284743,
    "coherent_projector_deformation": null,
    "block_residual_norm": 0.04,
    "leakage_trajectory": [
      0.5230873334785723,
      0.423684238005378,
      0.360564548887025,
      0.3190497366039639,
      0.2902130564219856,
      0.26885331734728807,
      0.25196123918948754,
      0.23781958741059506,
      0.2254875142130643,
      0.21449682177957582,
      0.2046648437992339,
      0.19597324216663126,
      0.18848588014835474,
      0.18229176243794504,
      0.17746594101226568,
      0.17404467856521036,
      0.1720125017635429,
      0.17129907744768774,
      0.17178367020351376,
      0.17330477836139857,
      0.17567256298372785,
      0.17868196660115643,
      0.1821249125511556,
      0.18580052412364512,
      0.18952283059249425,
      0.1931258667441966,
      0.19646638404327751,
      0.1994245831288765,
      0.20190335800880607,
      0.20382654547678067,
      0.20513661476461276,
      0.20579214650374064,
      0.20576541198796167,
      0.205040217415375,
      0.20361008209226988,
      0.20147683337530634,
      0.19864971184112137,
      0.19514475150228294,
      0.19098456395775942,
      0.1861984458547824,
      0.18082251640234795,
      0.1749001915988717,
      0.16848244376154972,
      0.16162817700681664,
      0.15440434635277536,
      0.1468858355203151,
      0.1391551444379482,
      0.13130149465016872,
      0.12341982090571708,
      0.11560902436672543,
      0.10797009647615873,
      0.10060366589266911,
      0.09360730155091582,
      0.08707268391930963,
      0.08108246756363773,
      0.07570755211726789,
      0.07100420751010487,
      0.06701203362190546,
      0.06375217516744902,
      0.061226588231358146,
      0.05941795280162446
    ],
    "autonomy_horizon": 12.0,
    "cross_subsystem_transfer_rate": 0.04,
    "reduced_model_forecast_error": 0.2524700552751449,
    "transient_amplification_score": 1.0,
    "ensemble_averaged_leakage": null,
    "leakage_variance": null,
    "affine_law_regression_coefficients": {
      "L1": {
        "epsilon_s": 9.508598134133074,
        "rho_tau": -0.4919512737422263
      },
      "L2": {
        "epsilon_s": 10.154582984133075,
        "rho_tau": -0.7581762963890356,
        "rho_tau_sq": 0.5500556180883794
      },
      "L3": {
        "epsilon_s": 10.154582984133071,
        "gamma_rho_tau": -0.9219208280669708,
        "gamma_rho_tau_sq": 0.8133050203136577
      }
    },
    "transportability_metrics": {
      "curvature_indicator": 0.8223876425253714,
      "projector_tracking": {
        "adjacent_mean_deformation": 0.03206814206284743,
        "adjacent_max_deformation": 0.05629751109925623,
        "adjacent_deformation_trajectory": [
          0.04198963049508132,
          0.04356060853184796,
          0.04531743447092353,
          0.047170643722261575,
          0.04903787125282831,
          0.050839884052046355,
          0.05249907778102217,
          0.05394016655909641,
          0.055092689877285765,
          0.055894790127711945,
          0.05629751109925623,
          0.05626876361539439,
          0.05579611374279248,
          0.0548877679412344,
          0.05357149139643958,
          0.05189163215100575,
          0.04990478985828954,
          0.04767487345622653,
          0.04526829677369422,
          0.04274990421861728,
          0.04017996953591656,
          0.03761236279357197,
          0.03509378521972725,
          0.03266385104246106,
          0.030355745315743896,
          0.028197186522810225,
          0.026211439633929492,
          0.024418157454944283,
          0.02283385307370527,
          0.021471853913554956,
          0.02034167741761168,
          0.019447922591426626,
          0.018788984078649765,
          0.018356071449205903,
          0.018133024503871133,
          0.018097173663745962,
          0.018221100068794575,
          0.018474829779075778,
          0.018827928447829056,
          0.019251124932992532,
          0.019717344848238207,
          0.020202219121876093,
          0.02068422457461906,
          0.02114461169025592,
          0.021567240384567504,
          0.021938400472128052,
          0.022246650013487825,
          0.02248269030875716,
          0.022639266694785783,
          0.022711091728271668,
          0.022694771255652908,
          0.022588725551936147,
          0.022393094299245284,
          0.02210961793382348,
          0.02174149797851435,
          0.021293231624217677,
          0.020770432526464717,
          0.02017963785081991,
          0.01952811570877535,
          0.01882367664178479
        ],
        "anchor_mean_deformation": 0.7409543715571213,
        "anchor_max_deformation": 0.9459902496123321,